Rank,Username,R1 Points,R2 Points,R3 Points
8,nnnnn68,614.0,510.0,575.0
9,trungnotchung,559.0,535.0,455.0
10,duyboy135,434.0,715.0,395.0
11,quydang251,614.0,790.0,140.0
12,flashhh,614.0,610.0,300.0
13,flashmt,434.0,665.0,395.0
14,BaoJiaoPisu,434.0,665.0,395.0
15,magnified,739.0,410.0,300.0
17,_,614.0,665.0,165.0
18,marvinthang,434.0,610.0,395.0
19,nbmnb,614.0,665.0,150.0
20,Khuepr123,614.0,485.0,300.0
21,tungvh04,559.0,410.0,360.0
22,RyoPham,539.0,485.0,300.0
23,ghostwriter,614.0,405.0,300.0
24,tamthegod,434.0,610.0,240.0
25,Mayornaise,434.0,535.0,300.0
26,nvq2309,434.0,535.0,300.0
27,adudakwa,434.0,510.0,300.0
28,anhkha2003,359.0,485.0,395.0
29,pain,559.0,285.0,395.0
30,noobcoder,359.0,510.0,360.0
31,nhphucqt,434.0,485.0,300.0
32,Monarchuwu,434.0,485.0,300.0
33,tuoitrexinloianhchi,434.0,485.0,300.0
35,ntnguyen,434.0,385.0,395.0
36,chemthan,434.0,410.0,370.0
37,minhnguyenxuan60,359.0,610.0,200.0
38,31tranhoangson,434.0,435.0,300.0
39,huyhasun,359.0,510.0,300.0
40,nguyen31hoang08minh2003,359.0,435.0,360.0
41,yamete,434.0,410.0,300.0
42,DeMen100ns,359.0,485.0,300.0
43,tanprodium,359.0,485.0,300.0
44,socpite,614.0,0.0,515.0
45,theshadow_04,434.0,385.0,300.0
46,lmqzzz,434.0,285.0,395.0
47,Mike4235,434.0,405.0,255.0
48,_shin,434.0,360.0,300.0
49,vodacbaoandn,359.0,535.0,195.0
50,tieuphong,434.0,385.0,270.0
51,HungTT,434.0,410.0,240.0
52,bvd,359.0,410.0,300.0
53,haminh0307,359.0,310.0,395.0
54,mewnian,359.0,435.0,255.0
55,karrigan,359.0,485.0,200.0
56,Hien,359.0,435.0,240.0
58,letangphuquy,484.0,485.0,50.0
59,phanlong2811,434.0,285.0,300.0
60,Tphuc2908,359.0,485.0,165.0
61,YugiHackerKhongCopCode,434.0,385.0,165.0
62,Soren_15,434.0,385.0,165.0
63,m2201,434.0,385.0,165.0
64,YouAreMyGalaxy,359.0,485.0,130.0
65,geschmack_cr7,265.0,310.0,395.0
66,SSLios23,434.0,485.0,50.0
67,hieptk,434.0,385.0,150.0
68,NekomataOkayu,359.0,410.0,200.0
69,kazamahoang,180.0,485.0,300.0
70,zipdang04,484.0,410.0,50.0
71,renebaebae,359.0,285.0,300.0
72,vangtrangtan,359.0,335.0,240.0
73,17821147,359.0,360.0,200.0
74,SuckTinHock,359.0,360.0,195.0
75,anhngzv,359.0,360.0,195.0
76,bautroidaysao,294.0,610.0,0.0
77,ProTeam15,265.0,590.0,45.0
78,v2v2v2,359.0,410.0,130.0
79,Gnoucm,180.0,410.0,300.0
80,huutuan,265.0,385.0,240.0
81,quocnghia32,235.0,410.0,240.0
82,Nhoksocqt1,434.0,285.0,160.0
83,dukksoocee,265.0,385.0,225.0
84,kitsune,359.0,310.0,195.0
85,canhnam357,359.0,310.0,180.0
86,codemaivanngu,200.0,535.0,95.0
87,minhkhoaitknine,359.0,285.0,165.0
88,C17H18F3NO,390.0,310.0,105.0
89,LptN21,359.0,285.0,160.0
90,LeXuanSon1_,265.0,385.0,150.0
91,lethienquan28052006,265.0,285.0,240.0
92,BackNoob,434.0,205.0,150.0
93,Duy_e,0.0,465.0,300.0
94,StormgamingKhongCopCode,235.0,360.0,165.0
95,khongbiet,265.0,385.0,105.0
96,anhtai28,340.0,410.0,0.0
97,cbl_nhat,200.0,485.0,60.0
98,Lamduybao,265.0,410.0,65.0
99,dlbm1302,434.0,285.0,15.0
100,PhanDinhKhoi,359.0,310.0,65.0
101,NhatMinh0208,310.0,0.0,420.0
102,tuan06,359.0,310.0,55.0
103,nhuhieu193,434.0,285.0,0.0
104,roseb_,359.0,310.0,50.0
105,ningia203,235.0,310.0,165.0
106,vidut_206_CNH,359.0,285.0,65.0
107,Vbee241005,265.0,310.0,115.0
108,Pikachu,180.0,205.0,300.0
109,wind,359.0,310.0,15.0
110,_Neos_,265.0,285.0,130.0
111,another_alwcod_nn,359.0,310.0,0.0
112,bruh,359.0,310.0,0.0
113,BJMinhNhut,359.0,0.0,300.0
114,datlm,265.0,285.0,105.0
115,DrPuma,340.0,310.0,0.0
116,DP_196,265.0,385.0,0.0
117,sonth97,359.0,240.0,50.0
118,pdt,200.0,205.0,240.0
119,ThienThienThien,235.0,360.0,50.0
120,przxct,359.0,285.0,0.0
121,lto5,265.0,310.0,65.0
122,nghiatranvan0101,200.0,240.0,195.0
123,jjiangly,200.0,310.0,115.0
124,pdduy4206,235.0,360.0,30.0
125,Pikachu123,265.0,240.0,115.0
126,Giangcoder,170.0,285.0,160.0
127,BJoozz,0.0,0.0,610.0
128,L3,265.0,310.0,30.0
129,thinhkl123,170.0,285.0,145.0
130,thanh913,235.0,360.0,0.0
131,etohari,210.0,360.0,15.0
132,Lucky_Noob,265.0,310.0,0.0
133,PhucCNH,170.0,240.0,165.0
134,giahan2005,170.0,240.0,165.0
135,tknhannguyenphu,200.0,285.0,85.0
136,ashirogi,359.0,210.0,0.0
137,namngotau123,265.0,285.0,15.0
138,atomic_lattice,265.0,0.0,300.0
139,n07c02c06,359.0,0.0,205.0
140,hoaphat1,310.0,200.0,50.0
141,leeminhduc2,180.0,285.0,90.0
142,CBNK29_thuckhac,180.0,285.0,90.0
143,hoangquan456,265.0,285.0,0.0
144,leanhduy0206,265.0,285.0,0.0
145,kiennguyen246,265.0,285.0,0.0
146,bubu2006,265.0,285.0,0.0
147,VDH,265.0,285.0,0.0
148,Justinianus2001,115.0,240.0,195.0
149,hathuha,135.0,285.0,130.0
150,hdh_,200.0,240.0,105.0
151,Lomdom_coder,170.0,360.0,15.0
152,huynhchiton981,170.0,310.0,65.0
153,quananh2503,235.0,0.0,300.0
154,Thu,145.0,240.0,150.0
155,nguyentien_z,245.0,240.0,45.0
156,sua_chua_nep_cam,229.0,285.0,15.0
157,_poteitou,265.0,210.0,50.0
158,toidaidot,0.0,360.0,165.0
159,quangminh_0604,235.0,285.0,0.0
160,MinhTuan11,115.0,240.0,165.0
161,Salmon1,265.0,205.0,50.0
162,phanhuykhang,265.0,160.0,85.0
163,nger,50.0,285.0,165.0
164,nguyenchuong18112006,0.0,285.0,210.0
165,Flower_On_Stone,340.0,0.0,150.0
166,CBNK29_Hung,180.0,205.0,105.0
167,JokerFav,0.0,485.0,0.0
168,phamhung2005,265.0,130.0,90.0
169,LetterC67,434.0,50.0,0.0
170,emhocdem070,434.0,50.0,0.0
171,thanh123456,434.0,0.0,50.0
172,syru,265.0,210.0,0.0
173,trunghieu06,170.0,285.0,15.0
174,tranvannhan1911,265.0,205.0,0.0
175,nghquan,180.0,285.0,0.0
176,CaoHuuKhuongDuy,0.0,410.0,50.0
177,caobi,235.0,210.0,15.0
178,ATOM,180.0,280.0,0.0
179,huetrantt,294.0,0.0,165.0
180,WorldCreator,170.0,285.0,0.0
181,nmvinh1215,50.0,285.0,115.0
182,logiaquyetvt,210.0,205.0,30.0
183,wii,200.0,0.0,240.0
184,nobodytk11,115.0,310.0,15.0
185,hung1204,30.0,240.0,165.0
186,czhang2718,434.0,0.0,0.0
187,Amous,0.0,285.0,145.0
188,npmduyy,0.0,285.0,145.0
189,thang31032003,180.0,0.0,250.0
190,taitruong256,210.0,205.0,15.0
191,Tuandq14,150.0,210.0,70.0
192,quadangvaica,200.0,210.0,15.0
193,HuyLol,135.0,285.0,0.0
194,CBNK29Huy,180.0,240.0,0.0
195,tranductri2003,115.0,240.0,65.0
196,nghia05123,200.0,50.0,165.0
197,vietthanh2005,180.0,130.0,105.0
198,Drew_,0.0,410.0,0.0
199,huys31,170.0,240.0,0.0
200,tklinh,170.0,240.0,0.0
201,Ok3LitBruuu,200.0,210.0,0.0
202,ddawst,105.0,190.0,115.0
203,hungphong1035,50.0,210.0,145.0
204,CoderNTT,265.0,125.0,15.0
205,water,115.0,285.0,0.0
206,trickerbp,265.0,130.0,0.0
207,TTNhan,340.0,50.0,0.0
208,HN_CSP_FTRs,50.0,285.0,55.0
209,Vanor,115.0,240.0,15.0
210,cipher_breaker,115.0,205.0,50.0
211,hauvan,115.0,240.0,15.0
212,ducanh2706,80.0,285.0,0.0
213,FoolestBoy,100.0,160.0,105.0
214,PXD,0.0,360.0,0.0
215,RedBull,235.0,125.0,0.0
216,VDCD,235.0,125.0,0.0
217,hhoangcpascal,359.0,0.0,0.0
218,Furion,359.0,0.0,0.0
219,hlkite,359.0,0.0,0.0
220,thaixuandang,359.0,0.0,0.0
221,kaylous,359.0,0.0,0.0
222,Vũ_CG_Coder,359.0,0.0,0.0
223,huythinhtink32,359.0,0.0,0.0
224,h1euct,115.0,240.0,0.0
225,tunangoo,0.0,50.0,300.0
226,Palampge,115.0,130.0,105.0
227,LongString,90.0,210.0,45.0
228,maximus,340.0,0.0,0.0
229,too_old_too_weak,340.0,0.0,0.0
230,duydong05,50.0,285.0,0.0
231,htrung1105,50.0,285.0,0.0
232,dotunakno,170.0,0.0,165.0
233,betapchoi1403,50.0,210.0,75.0
234,dungnc291205,0.0,330.0,0.0
235,princeoftime05,200.0,0.0,130.0
236,huyen08,115.0,210.0,0.0
237,baokhoa,0.0,240.0,85.0
238,Bob15324,265.0,50.0,0.0
239,haison,265.0,50.0,0.0
240,cbl_kiet,115.0,200.0,0.0
241,largefence,0.0,285.0,30.0
242,Aquarius,265.0,0.0,50.0
243,ngqminh_cl2735,0.0,310.0,0.0
244,weibooo,310.0,0.0,0.0
245,daoquanglinh2007,0.0,310.0,0.0
246,huynhtrankhanh,0.0,310.0,0.0
247,dinhmanhhung168,310.0,0.0,0.0
248,shora,310.0,0.0,0.0
249,ind1v,200.0,0.0,105.0
250,DucNguyen_,145.0,160.0,0.0
251,Canhhao,50.0,240.0,15.0
252,UltimateWiener,0.0,285.0,15.0
253,HuuTung,0.0,0.0,300.0
254,katum2005,170.0,130.0,0.0
255,dtmai,170.0,0.0,130.0
256,CBNK28_XUANTHAO,0.0,210.0,85.0
257,huynhtrungkiet09032005,0.0,130.0,165.0
258,rainboy,294.0,0.0,0.0
259,2axolotl,50.0,210.0,30.0
260,AkiYuu,0.0,285.0,0.0
261,Uchihahaha,0.0,285.0,0.0
262,nghiemkythu,235.0,50.0,0.0
263,nkngan,0.0,285.0,0.0
264,aresgod,0.0,285.0,0.0
265,hazzu,235.0,0.0,50.0
266,Hnhat1234,180.0,0.0,105.0
267,K_K,0.0,280.0,0.0
268,nhakhoanon,180.0,50.0,50.0
269,thabumi,115.0,0.0,165.0
270,tuvietthao,265.0,15.0,0.0
271,tientri2210,170.0,110.0,0.0
272,dinhviethieu,0.0,210.0,70.0
273,SKN,265.0,0.0,15.0
274,qrrrq,180.0,50.0,50.0
275,tuanduc8t1,170.0,110.0,0.0
276,thanhnhan,100.0,125.0,50.0
277,giaminh2211,0.0,205.0,70.0
278,accve4,50.0,210.0,15.0
279,begaupong2302,115.0,50.0,105.0
280,MrBB,265.0,0.0,0.0
281,ShineNoLife,265.0,0.0,0.0
282,quoctq01,265.0,0.0,0.0
283,kh0i,265.0,0.0,0.0
284,imagine,265.0,0.0,0.0
285,lequangtrung123,265.0,0.0,0.0
286,minology,265.0,0.0,0.0
287,trnthienphc2003,265.0,0.0,0.0
288,chitrung1,265.0,0.0,0.0
289,huyhamoon,265.0,0.0,0.0
290,Orabelle,265.0,0.0,0.0
291,cbl_hoang,265.0,0.0,0.0
292,CodeBreakerVn,265.0,0.0,0.0
293,lululu,165.0,80.0,15.0
294,VuongQuocHuy,0.0,130.0,130.0
295,Zems,0.0,255.0,0.0
296,goldenskygiang,50.0,205.0,0.0
297,Strkss,50.0,140.0,65.0
298,VietAnhH,115.0,125.0,15.0
299,Dung1207,115.0,125.0,15.0
300,notthanhchauns2,235.0,0.0,15.0
301,trunghai95,200.0,0.0,50.0
302,phamnhatquangpnq,200.0,50.0,0.0
303,GnAs,180.0,50.0,15.0
304,destroy_,180.0,50.0,15.0
305,leth1nh05,180.0,50.0,15.0
306,minhnguyen282,80.0,0.0,165.0
307,TrongMinh03,65.0,130.0,50.0
308,asari,0.0,0.0,240.0
309,hungby04,0.0,0.0,240.0
310,nvatuan,0.0,240.0,0.0
311,cbl09_thuydung,30.0,210.0,0.0
312,minhthang1907,0.0,125.0,115.0
313,Asamai,135.0,0.0,105.0
314,HigherOrderLogic,235.0,0.0,0.0
315,HappyWar,235.0,0.0,0.0
316,lam,235.0,0.0,0.0
317,huynhtuan71ti,235.0,0.0,0.0
318,lewinlight1202,235.0,0.0,0.0
319,tienthanh214,235.0,0.0,0.0
320,bear1,235.0,0.0,0.0
321,Tao_an_chay,235.0,0.0,0.0
322,btk10x,235.0,0.0,0.0
323,kimya,235.0,0.0,0.0
324,pegasus,235.0,0.0,0.0
325,BK04,235.0,0.0,0.0
326,trucmaichy2k5,235.0,0.0,0.0
327,ttwmf,235.0,0.0,0.0
328,hotavn,235.0,0.0,0.0
329,venus,170.0,50.0,15.0
330,Son_Tung_MTP_1,235.0,0.0,0.0
331,thanheco1975,170.0,50.0,15.0
332,DyvH,180.0,50.0,0.0
333,hieu_CVA,180.0,50.0,0.0
334,YuhtGrace,180.0,50.0,0.0
335,thang,0.0,230.0,0.0
336,_Madog_,180.0,50.0,0.0
337,ANHTUANCBN,180.0,50.0,0.0
338,BlackDavid,100.0,130.0,0.0
339,Nimitz,50.0,130.0,50.0
340,ththw,95.0,0.0,130.0
341,EdricAlbert,50.0,160.0,15.0
342,dinhphucaz52,170.0,50.0,0.0
343,HoangViet25,170.0,50.0,0.0
344,trhung1608,170.0,50.0,0.0
345,datbeohbbh,105.0,0.0,115.0
346,quachhuutai1102,115.0,0.0,105.0
347,mie,215.0,0.0,0.0
348,18ti_cqphat,0.0,50.0,165.0
349,killcode03,170.0,15.0,30.0
350,nero,210.0,0.0,0.0
351,violet_chan,0.0,210.0,0.0
352,bruhlmao21,0.0,210.0,0.0
353,duyanhk35itctq,50.0,160.0,0.0
354,livw08,0.0,205.0,0.0
355,vinhnct2005,0.0,205.0,0.0
356,aohkgnadnart,105.0,50.0,50.0
357,manh9205,0.0,50.0,150.0
358,bin9638,0.0,0.0,200.0
359,Overlord,50.0,0.0,150.0
360,hshuynhsang,200.0,0.0,0.0
361,duongk21,0.0,0.0,200.0
362,Francesco4203,200.0,0.0,0.0
363,heinsburg,200.0,0.0,0.0
364,bibocat12,180.0,0.0,15.0
365,Ngan16,0.0,110.0,85.0
366,vanhung18t,50.0,130.0,15.0
367,ltat15032002,50.0,50.0,90.0
368,spnowadays,180.0,0.0,0.0
369,farmerboy,180.0,0.0,0.0
370,vnsckdh,180.0,0.0,0.0
371,Nguyenvng,180.0,0.0,0.0
372,DangMinhTu2006,180.0,0.0,0.0
373,phuongman,180.0,0.0,0.0
374,hoangviet56,180.0,0.0,0.0
375,minhlam2102002,180.0,0.0,0.0
376,Pog_champ,180.0,0.0,0.0
377,avnyu,180.0,0.0,0.0
378,weee,0.0,50.0,130.0
379,3sther,180.0,0.0,0.0
380,txhai12,180.0,0.0,0.0
381,khaitruong922,180.0,0.0,0.0
382,tnbui,180.0,0.0,0.0
383,huuminh365,180.0,0.0,0.0
384,03_01_0v0,180.0,0.0,0.0
385,bqmnhat2313,0.0,130.0,50.0
386,bichtram2503,180.0,0.0,0.0
387,Aphelios,115.0,50.0,15.0
388,wibuthaibinh,115.0,50.0,15.0
389,nthien2008,115.0,50.0,15.0
390,tienbinh,50.0,130.0,0.0
391,arieswhite,0.0,175.0,0.0
392,buihuynhtay,0.0,125.0,50.0
393,quanghuy789po,0.0,125.0,50.0
394,hxzinh,50.0,125.0,0.0
395,VPhgK39,15.0,160.0,0.0
396,hoale86,170.0,0.0,0.0
397,doraemonidol,170.0,0.0,0.0
398,Uk_nim,170.0,0.0,0.0
399,catlover,170.0,0.0,0.0
400,luan_tran16,170.0,0.0,0.0
401,LeSonnn_,170.0,0.0,0.0
402,DOANHONGBAO,170.0,0.0,0.0
403,duyanh,170.0,0.0,0.0
404,viethaocpp,170.0,0.0,0.0
405,ti21nakhoa,170.0,0.0,0.0
406,tqv,170.0,0.0,0.0
407,2werpro,170.0,0.0,0.0
408,gnhmhp,170.0,0.0,0.0
409,nguyendanghien,170.0,0.0,0.0
410,thanhnienyeumeo,170.0,0.0,0.0
411,kakakaka,0.0,170.0,0.0
412,Sammy,170.0,0.0,0.0
413,kaito274,170.0,0.0,0.0
414,HieeuSPhamJ,170.0,0.0,0.0
415,binhbocnc,115.0,0.0,55.0
416,top1chepcode,115.0,50.0,0.0
417,K24PADuc,115.0,50.0,0.0
418,Helu,115.0,0.0,50.0
419,ZuyVuNee,0.0,0.0,165.0
420,hlk27nhan,0.0,0.0,165.0
421,xuanthanhit06,115.0,50.0,0.0
422,tuongtaylor,115.0,50.0,0.0
423,thangnd,115.0,50.0,0.0
424,vuong_dzai243,115.0,50.0,0.0
425,Kei,100.0,50.0,15.0
426,Tomato,115.0,0.0,50.0
427,kakanvk,0.0,50.0,115.0
428,abcn2211,0.0,130.0,30.0
429,dhiep2307,50.0,110.0,0.0
430,minhtuantn,0.0,0.0,150.0
431,HoangNho,0.0,0.0,150.0
432,NobleKross,0.0,0.0,150.0
433,sylv224,150.0,0.0,0.0
434,maitrang051106,50.0,50.0,50.0
435,nguyenhuutho,100.0,50.0,0.0
436,NOFRIEND,50.0,50.0,50.0
437,ghghgh1775,50.0,50.0,50.0
438,ti21_lvhoang,50.0,80.0,15.0
439,thang_1205,115.0,0.0,30.0
440,clint,0.0,125.0,15.0
441,vanctb,135.0,0.0,0.0
442,Ng,35.0,50.0,50.0
443,minhtan,50.0,30.0,55.0
444,top2chepcode,0.0,130.0,0.0
445,diayti,0.0,130.0,0.0
446,nminhkhoi0818,0.0,130.0,0.0
447,abysmal,0.0,130.0,0.0
448,hitonichi,115.0,15.0,0.0
449,vdlong,0.0,130.0,0.0
450,Aurora,0.0,0.0,130.0
451,thanhnhanqn77,0.0,130.0,0.0
452,Hautran,0.0,130.0,0.0
453,anhpha,115.0,0.0,15.0
454,rpkrpkrpk,115.0,0.0,15.0
455,NVĐức_306,115.0,15.0,0.0
456,dswgith,50.0,30.0,50.0
457,mi_tom_3_mien,0.0,125.0,0.0
458,This_is_a_name,0.0,125.0,0.0
459,DaoTienDat,0.0,125.0,0.0
460,casiofx580,0.0,125.0,0.0
461,wakeup4171920,80.0,30.0,15.0
462,minhnguyent546,105.0,15.0,0.0
463,mimibetty,105.0,0.0,15.0
464,zont09,115.0,0.0,0.0
465,ducnhan0804,115.0,0.0,0.0
466,duongcscx,115.0,0.0,0.0
467,IUH_INeedYourSmile,115.0,0.0,0.0
468,PThao_Mis62A,115.0,0.0,0.0
469,binminh01,115.0,0.0,0.0
470,ytuananhptnk,115.0,0.0,0.0
471,provjp365,115.0,0.0,0.0
472,viethq,115.0,0.0,0.0
473,trantri,115.0,0.0,0.0
474,phannhattan,115.0,0.0,0.0
475,raskel,50.0,50.0,15.0
476,Gao_Pink,115.0,0.0,0.0
477,chrispham258,115.0,0.0,0.0
478,TĐT,115.0,0.0,0.0
479,tuanpham1032003,115.0,0.0,0.0
480,WinterWind,115.0,0.0,0.0
481,k63_NguyenHoangGiaa,115.0,0.0,0.0
482,irakiH,115.0,0.0,0.0
483,loideptrai1,115.0,0.0,0.0
484,lmq,115.0,0.0,0.0
485,tester,115.0,0.0,0.0
486,Luatprooo,115.0,0.0,0.0
487,Ikwl,115.0,0.0,0.0
488,GiangPiano,115.0,0.0,0.0
489,hammer23,115.0,0.0,0.0
490,quancao2310,115.0,0.0,0.0
491,dinhieufam,115.0,0.0,0.0
492,quochuong2006,115.0,0.0,0.0
493,nguyenphong233,115.0,0.0,0.0
494,clay,115.0,0.0,0.0
495,mistakee,115.0,0.0,0.0
496,giahuyg98,115.0,0.0,0.0
497,Lam26,115.0,0.0,0.0
498,nhunghongle,115.0,0.0,0.0
499,xxxxx,115.0,0.0,0.0
500,ExitThisEarthAtmosphere,115.0,0.0,0.0
501,Ceyaciuwu,115.0,0.0,0.0
502,anhthao,115.0,0.0,0.0
503,anhquandeku,115.0,0.0,0.0
504,HoangTran84,115.0,0.0,0.0
505,hjhj2211,115.0,0.0,0.0
506,thinhhvt15,100.0,0.0,15.0
507,nhatminh2816,50.0,50.0,15.0
508,Naruto_Uzumaki_06,50.0,50.0,15.0
509,Off_exe,50.0,50.0,15.0
510,tranthach19082006,50.0,50.0,15.0
511,ftwanlin,0.0,80.0,30.0
512,HarmlessAgnes,0.0,110.0,0.0
513,mchou,0.0,0.0,105.0
514,vilesport,0.0,0.0,105.0
515,MegaNight,0.0,0.0,105.0
516,vantri0605,105.0,0.0,0.0
517,Caoducphat,50.0,0.0,55.0
518,MinhNhatmn16,50.0,50.0,0.0
519,daclucf5,50.0,50.0,0.0
520,vtannn_,50.0,50.0,0.0
521,gujunpyo1993,100.0,0.0,0.0
522,fauz,50.0,50.0,0.0
523,trungdc2003,50.0,50.0,0.0
524,ducbrick,0.0,50.0,50.0
525,Pikafalse,0.0,0.0,100.0
526,cokhibk,50.0,0.0,50.0
527,qipepyn,0.0,50.0,50.0
528,Triet17,50.0,50.0,0.0
529,WhoYouKnowsWhoKhongCopCode,50.0,50.0,0.0
530,nguyennn,0.0,50.0,50.0
531,cuongdepzai,50.0,50.0,0.0
532,khanh_zuy16,15.0,0.0,85.0
533,cbl09_ngocdung,50.0,50.0,0.0
534,KKcom2,50.0,50.0,0.0
535,cuong2002k,50.0,50.0,0.0
536,heart2082006,50.0,50.0,0.0
537,phudeeptry_ITK10,0.0,50.0,50.0
538,Vantruong122,50.0,50.0,0.0
539,manager,50.0,0.0,50.0
540,bruhImBlack,95.0,0.0,0.0
541,ktoxztheplatypus,65.0,30.0,0.0
542,dahnerdindahroom,65.0,30.0,0.0
543,cnn008,50.0,30.0,15.0
544,minhduc10i,0.0,0.0,90.0
545,darrkkkkk1,0.0,75.0,15.0
546,nguyenlongduong,0.0,30.0,55.0
547,kamiyabei,35.0,50.0,0.0
548,anhngh194,50.0,30.0,0.0
549,khanh,50.0,15.0,15.0
550,sontran1997,0.0,80.0,0.0
551,thinhelzan842,0.0,80.0,0.0
552,unname,0.0,30.0,50.0
553,kd_angie,50.0,30.0,0.0
554,hunganhlhp,0.0,30.0,50.0
555,NguyenVietHoang__CNTT5__K62,50.0,30.0,0.0
556,K1_GTDANG,50.0,30.0,0.0
557,vu_account,50.0,15.0,15.0
558,102I_pdanh,0.0,30.0,50.0
559,ITK10_Loc,0.0,50.0,30.0
560,huynhyen1609,15.0,50.0,15.0
561,VLTisME986,0.0,0.0,70.0
562,npghuy249,0.0,0.0,70.0
563,yoshi_23,65.0,0.0,0.0
564,cuongkashi,65.0,0.0,0.0
565,hlk27nduy,50.0,0.0,15.0
566,nnnan,65.0,0.0,0.0
567,ngocphuit123,50.0,15.0,0.0
568,leminhphuongcbh,0.0,50.0,15.0
569,anov44,50.0,0.0,15.0
570,N02,50.0,15.0,0.0
571,ChilenGaming,15.0,50.0,0.0
572,hlk28quoctruong,0.0,50.0,15.0
573,K1_BTKHIEM,50.0,0.0,15.0
574,Yuushia,15.0,50.0,0.0
575,linhnhatvu05,35.0,30.0,0.0
576,asecretmanX,50.0,0.0,15.0
577,manucian19,0.0,50.0,15.0
578,nana2k2,15.0,50.0,0.0
579,junj66963,50.0,0.0,15.0
580,TwoQuantumBits,50.0,15.0,0.0
581,trinhsytuan,50.0,0.0,15.0
582,KhanhKira,0.0,30.0,30.0
583,sonlh07,0.0,0.0,60.0
584,quangtruongairline,15.0,30.0,15.0
585,tothanhdat1421,15.0,30.0,15.0
586,chungpro,55.0,0.0,0.0
587,desb01,55.0,0.0,0.0
588,nguyenphong__,55.0,0.0,0.0
589,nhatlinh051,50.0,0.0,0.0
590,tomoshibi,50.0,0.0,0.0
591,Atland,50.0,0.0,0.0
592,truongngocgiang99,50.0,0.0,0.0
593,khanhvinh9,50.0,0.0,0.0
594,remaining1,50.0,0.0,0.0
595,meguminn,0.0,50.0,0.0
596,lmaolmao123,0.0,50.0,0.0
597,bastian31utd,50.0,0.0,0.0
598,binmaska28,50.0,0.0,0.0
599,vtthx,50.0,0.0,0.0
600,giabach2003,50.0,0.0,0.0
601,Lazyman,50.0,0.0,0.0
602,pemguimn,0.0,50.0,0.0
603,hoan2k1,50.0,0.0,0.0
604,nhatminnie,50.0,0.0,0.0
605,Bingoblin,0.0,0.0,50.0
606,vuphuchung,50.0,0.0,0.0
607,QuangBui,50.0,0.0,0.0
608,tien4112004,50.0,0.0,0.0
609,adudakqua,0.0,50.0,0.0
610,iceghost,50.0,0.0,0.0
611,n2639,50.0,0.0,0.0
612,skeleton,50.0,0.0,0.0
613,LeVanThuc,0.0,50.0,0.0
614,L_A_T,0.0,50.0,0.0
615,vongocsinh,0.0,50.0,0.0
616,LeThanhMinh,50.0,0.0,0.0
617,ductan2001,50.0,0.0,0.0
618,anhalu,0.0,50.0,0.0
619,Just4Func,50.0,0.0,0.0
620,Phuong070306,50.0,0.0,0.0
621,thienphong,0.0,0.0,50.0
622,DIO_JoJo,50.0,0.0,0.0
623,Shepe,50.0,0.0,0.0
624,kalem,0.0,50.0,0.0
625,forevpurity,50.0,0.0,0.0
626,LeDaiKing,0.0,50.0,0.0
627,PhamTu2k,50.0,0.0,0.0
628,DankDaPancake,50.0,0.0,0.0
629,phuxtrohhg,0.0,50.0,0.0
630,incognito_tab,0.0,50.0,0.0
631,chimkun,50.0,0.0,0.0
632,HoangVu_cva,0.0,50.0,0.0
633,SPRV,50.0,0.0,0.0
634,114tinBachNguyenGia,50.0,0.0,0.0
635,National_Wind,0.0,50.0,0.0
636,toquangnhattink5,0.0,50.0,0.0
637,Vàng_Shiba_TO1K9,50.0,0.0,0.0
638,Songuku95,0.0,0.0,50.0
639,cavang,50.0,0.0,0.0
640,PH07,50.0,0.0,0.0
641,ngohung810it,50.0,0.0,0.0
642,nebrets,50.0,0.0,0.0
643,hoangdeptrai07,50.0,0.0,0.0
644,trho,50.0,0.0,0.0
645,manhtranVN,0.0,50.0,0.0
646,thanhhaxuan02,50.0,0.0,0.0
647,Mrdiaar,0.0,50.0,0.0
648,HoangCoJiSoosocute,50.0,0.0,0.0
649,nhathuypt25,50.0,0.0,0.0
650,CVH1726,50.0,0.0,0.0
651,TNam67,0.0,50.0,0.0
652,k0i,50.0,0.0,0.0
653,zzcongkunzz,50.0,0.0,0.0
654,HonaNguyen,50.0,0.0,0.0
655,Khoi_itk10,0.0,50.0,0.0
656,kieuphat159,50.0,0.0,0.0
657,hoangphat120805,0.0,50.0,0.0
658,stoopidatcoding,0.0,50.0,0.0
659,huyhuy,50.0,0.0,0.0
660,NTTT113,0.0,0.0,50.0
661,nyancat0131,0.0,50.0,0.0
662,khuyenbd8bb,0.0,50.0,0.0
663,QioCass,50.0,0.0,0.0
664,pmcbc,0.0,50.0,0.0
665,Ngoc2002,50.0,0.0,0.0
666,legendminhbeo,50.0,0.0,0.0
667,daoduyan2001,50.0,0.0,0.0
668,DangPhuDuy,0.0,50.0,0.0
669,hoang_thanh_dat,0.0,50.0,0.0
670,ITK10_VinhAn,0.0,50.0,0.0
671,thiuwunh,0.0,50.0,0.0
672,proudanh,0.0,50.0,0.0
673,LongDepTraiYeuEmRatNhieu,0.0,50.0,0.0
674,CBNK29_123Hoa,0.0,50.0,0.0
675,vanhjjsdj,0.0,50.0,0.0
676,BinDy,0.0,50.0,0.0
677,Hillnguyen,0.0,50.0,0.0
678,ekhoavvdd,0.0,50.0,0.0
679,Hlacuatoi3,0.0,50.0,0.0
680,thiencoder,0.0,50.0,0.0
681,as9508,0.0,50.0,0.0
682,tmp,50.0,0.0,0.0
683,nmhienbn,0.0,50.0,0.0
684,anhvt,50.0,0.0,0.0
685,ledangquangcht1912,50.0,0.0,0.0
686,thanhtriet1007,50.0,0.0,0.0
687,thongcoder1,35.0,15.0,0.0
688,23hnHieu,50.0,0.0,0.0
689,Thang_Nhoc_Moi_Tap_Code,0.0,0.0,50.0
690,Shynderio,0.0,50.0,0.0
691,PhuTheChampion,50.0,0.0,0.0
692,congbuithanh,0.0,50.0,0.0
693,tdkduong,0.0,0.0,50.0
694,tritueviet,50.0,0.0,0.0
695,hoang2503,50.0,0.0,0.0
696,ldss,50.0,0.0,0.0
697,tuankhoi296,0.0,50.0,0.0
698,dacle,0.0,0.0,50.0
699,quyle,50.0,0.0,0.0
700,GiveMeTheMailGodDamn_It,50.0,0.0,0.0
701,tranlehai,0.0,50.0,0.0
702,chemend,50.0,0.0,0.0
703,Khoi_cd,0.0,50.0,0.0
704,kkkkkk,50.0,0.0,0.0
705,chilinhxyzabc,50.0,0.0,0.0
706,nguyenhuunhan,50.0,0.0,0.0
707,Yangcoi,50.0,0.0,0.0
708,Duynkvd,50.0,0.0,0.0
709,Pikatrue,0.0,0.0,50.0
710,winner6426,0.0,0.0,50.0
711,abcd1234,35.0,0.0,15.0
712,21,0.0,50.0,0.0
713,HoaiAnDeepTry,50.0,0.0,0.0
714,ndquang,0.0,50.0,0.0
715,minhtam_55,50.0,0.0,0.0
716,114tinnguyennguyenduc,0.0,50.0,0.0
717,hlk28chitinh,0.0,0.0,50.0
718,Anhtriet,0.0,50.0,0.0
719,so,50.0,0.0,0.0
720,khanghb2006,0.0,50.0,0.0
721,tien999,50.0,0.0,0.0
722,sakurathanh0000,50.0,0.0,0.0
723,AckermanulaZygardent,0.0,0.0,50.0
724,enyx,0.0,50.0,0.0
725,npnquynh,50.0,0.0,0.0
726,light123,50.0,0.0,0.0
727,idontknow,0.0,50.0,0.0
728,hoangdeptrai,0.0,50.0,0.0
729,whoami31415,50.0,0.0,0.0
730,yamatekurashai,50.0,0.0,0.0
731,thaonhi1922,0.0,50.0,0.0
732,fusodoya,50.0,0.0,0.0
733,doggilugo,0.0,50.0,0.0
734,flexity,0.0,50.0,0.0
735,tuanle277,50.0,0.0,0.0
736,VoThanhHai,0.0,0.0,50.0
737,Vyvieeee,35.0,0.0,15.0
738,danghpts123,20.0,30.0,0.0
739,levanthuc0202,0.0,50.0,0.0
740,legminhvn,15.0,30.0,0.0
741,ctbhathai,30.0,0.0,15.0
742,hieuhfgr,15.0,30.0,0.0
743,swan_nessie,0.0,30.0,15.0
744,quangvinh204,15.0,30.0,0.0
745,qtran_vox,0.0,30.0,15.0
746,Ga_con_1,30.0,15.0,0.0
747,huyen_TDMU,15.0,30.0,0.0
748,roger235,0.0,30.0,15.0
749,NoN_whitehat,0.0,30.0,15.0
750,naly,15.0,30.0,0.0
751,xtqk,35.0,0.0,0.0
752,kien2008,35.0,0.0,0.0
753,thisisaname,35.0,0.0,0.0
754,goodudetheboy,35.0,0.0,0.0
755,tiozo,35.0,0.0,0.0
756,anhbqtq,35.0,0.0,0.0
757,kttlinhctb,35.0,0.0,0.0
758,trungkiet090325,35.0,0.0,0.0
759,Huy_Khanh_309,35.0,0.0,0.0
760,noobcoder123,35.0,0.0,0.0
761,NTTrung5122,35.0,0.0,0.0
762,txductp,35.0,0.0,0.0
763,HUYENMUMMIN,35.0,0.0,0.0
764,tranduc00vnoi,35.0,0.0,0.0
765,naroonrk,35.0,0.0,0.0
766,ntkiet,35.0,0.0,0.0
767,Copy_Paste,35.0,0.0,0.0
768,kohrabi,35.0,0.0,0.0
769,nguyenvannguyen,35.0,0.0,0.0
770,lnahg,35.0,0.0,0.0
771,K24TVThanh,35.0,0.0,0.0
772,n00bjoin4fun,35.0,0.0,0.0
773,khongphaiphihoang,35.0,0.0,0.0
774,datguverdev,35.0,0.0,0.0
775,phuchoiden,35.0,0.0,0.0
776,cuongminh,35.0,0.0,0.0
777,thismeans123,35.0,0.0,0.0
778,HaoVoxx,35.0,0.0,0.0
779,maicarem,35.0,0.0,0.0
780,CBNK29_GuangHai,30.0,0.0,0.0
781,PTHIfanPedri,30.0,0.0,0.0
782,tienthinhcoder,0.0,30.0,0.0
783,giabao8a70409042008,0.0,30.0,0.0
784,Max4740,0.0,30.0,0.0
785,tiencaominh,0.0,30.0,0.0
786,mngo122,0.0,30.0,0.0
787,bao_nam,30.0,0.0,0.0
788,nhanleff,0.0,15.0,15.0
789,duckhang1412002,0.0,0.0,30.0
790,phungdat2k3,0.0,30.0,0.0
791,fitvimaru,0.0,30.0,0.0
792,bqvkhang,15.0,0.0,15.0
793,nghiaaa,0.0,0.0,30.0
794,nVietUK,0.0,0.0,30.0
795,KSuMinh,0.0,30.0,0.0
796,vanhsusu03,0.0,0.0,30.0
797,nguyendanghau2006,0.0,0.0,30.0
798,NguyenTN091106,0.0,15.0,15.0
799,make_chan_T,30.0,0.0,0.0
800,Quanquan16022003,15.0,0.0,15.0
801,longzealot,0.0,15.0,15.0
802,codingismagic201,20.0,0.0,0.0
803,tuandebu,20.0,0.0,0.0
804,quanghuy,0.0,15.0,0.0
805,throwaway12345,0.0,0.0,15.0
806,lqanh,15.0,0.0,0.0
807,K63_PhamVanSam,15.0,0.0,0.0
808,prohacker,0.0,15.0,0.0
809,classic,0.0,0.0,15.0
810,phuongnamPROPTIT,15.0,0.0,0.0
811,cplusplus,0.0,0.0,15.0
812,anhduc5a1tp,0.0,0.0,15.0
813,hi,15.0,0.0,0.0
814,lis2il,0.0,0.0,15.0
815,fazeisfaze,0.0,0.0,15.0
816,Duck404,0.0,0.0,15.0
817,DuckITK19,0.0,0.0,15.0
818,OKAZU,0.0,0.0,15.0
819,hyhyhy_1606,0.0,15.0,0.0
820,sakura14743,0.0,15.0,0.0
821,PK12345,0.0,0.0,15.0
822,Putin,15.0,0.0,0.0
823,chicken2k7,0.0,15.0,0.0
824,thuankent,0.0,15.0,0.0
825,darkkcout,0.0,0.0,15.0
826,elzanpham,0.0,0.0,15.0
827,tranchihoa,0.0,15.0,0.0
828,txt212,0.0,0.0,15.0
829,vvngh,0.0,0.0,15.0
830,lkva2019,15.0,0.0,0.0
831,xcuongne,0.0,0.0,15.0
832,bankientapcode,15.0,0.0,0.0
833,vanh28,0.0,0.0,15.0
834,trungdt_tik55,0.0,0.0,15.0
835,nhuthanhan2k7,0.0,0.0,15.0
836,theblues,15.0,0.0,0.0
837,rangervodoi,0.0,0.0,15.0
838,mc_huytan202,15.0,0.0,0.0
839,tvnhan_k15,15.0,0.0,0.0
840,tathuyminh,0.0,0.0,15.0
841,baodz123,0.0,0.0,15.0
842,kizuma,0.0,0.0,15.0
843,minhnhatcoder,0.0,0.0,15.0
844,NguyenDucMinh,15.0,0.0,0.0
845,MeowT,0.0,15.0,0.0
846,nhbao,0.0,0.0,15.0
847,hienn,0.0,0.0,15.0
848,minhnhut57,15.0,0.0,0.0
849,yenphuong,0.0,0.0,15.0
850,NguyenDucThien,0.0,0.0,15.0
851,HieuNguyen,0.0,0.0,15.0
852,NguyenBaoAnh,0.0,0.0,15.0
853,code_chay_bang_tiramisu,0.0,0.0,15.0
854,AGiantNut,0.0,0.0,15.0
855,Hasagii,0.0,0.0,15.0
856,Timtimle,0.0,0.0,15.0
857,wongmile,0.0,0.0,15.0
858,thuankq26122002,15.0,0.0,0.0
859,dngdang123,0.0,0.0,15.0
860,gbeu,15.0,0.0,0.0
861,Quynhduyen,0.0,0.0,0.0
862,hieuhuy1402,0.0,0.0,0.0
863,nhipttt,0.0,0.0,0.0
864,NguyenDucManhJR_Vnoi,0.0,0.0,0.0
865,phannguyenanhvu9a4,0.0,0.0,0.0
866,imsuck,0.0,0.0,0.0
867,hieudeeptry,0.0,0.0,0.0
868,orrigizaltaze,0.0,0.0,0.0
869,joseki,0.0,0.0,0.0
870,az,0.0,0.0,0.0
871,Anh_88294,0.0,0.0,0.0
872,huetrungtctv,0.0,0.0,0.0
873,oof,0.0,0.0,0.0
874,corn,0.0,0.0,0.0
875,Locttbtvu,0.0,0.0,0.0
876,aiseven95,0.0,0.0,0.0
877,k1_tqviet,0.0,0.0,0.0
878,jjjj,0.0,0.0,0.0
879,qn1035,0.0,0.0,0.0
880,Kimvo,0.0,0.0,0.0
881,NMCxx,0.0,0.0,0.0
882,doansonghao29102000,0.0,0.0,0.0
883,Pham_Quang_Khai,0.0,0.0,0.0
884,ToilaNhu,0.0,0.0,0.0
885,PBNam2709,0.0,0.0,0.0
886,gatapcode,0.0,0.0,0.0
887,gamhoanglong,0.0,0.0,0.0
888,duylong,0.0,0.0,0.0
889,connornguyxn,0.0,0.0,0.0
890,yea1412,0.0,0.0,0.0
891,doituyentin2k7,0.0,0.0,0.0
892,MiG21_5121,0.0,0.0,0.0
893,canhtoanle,0.0,0.0,0.0
894,M1nh,0.0,0.0,0.0
895,FireGhost130104,0.0,0.0,0.0
896,I_Love_Thuy_Linh,0.0,0.0,0.0
897,nabpro,0.0,0.0,0.0
898,kietvha_THTH,0.0,0.0,0.0
899,lnnv,0.0,0.0,0.0
900,chungdinh,0.0,0.0,0.0
901,neko_nyaaaaaaaaaaaaaaaaaaaaaaa,0.0,0.0,0.0
902,datvit102,0.0,0.0,0.0
903,hiep_nguyen,0.0,0.0,0.0
904,YinLin,0.0,0.0,0.0
905,acevn232,0.0,0.0,0.0
906,Huaans,0.0,0.0,0.0
907,katking,0.0,0.0,0.0
908,trunghieu,0.0,0.0,0.0
909,MinhQNgo,0.0,0.0,0.0
910,KhoaCoolNgau,0.0,0.0,0.0
911,lethienminhhuy01,0.0,0.0,0.0
912,jackykg,0.0,0.0,0.0
913,DMCS,0.0,0.0,0.0
914,iamminh,0.0,0.0,0.0
915,Ziuboy,0.0,0.0,0.0
916,phucvctvn,0.0,0.0,0.0
917,maichi,0.0,0.0,0.0
918,Xcode,0.0,0.0,0.0
919,dieunn,0.0,0.0,0.0
920,ITK10_PhuocDuc,0.0,0.0,0.0
921,Rukashi,0.0,0.0,0.0
922,Choloihuanohoa,0.0,0.0,0.0
923,doanbaanh,0.0,0.0,0.0
924,lmao,0.0,0.0,0.0
925,trytoheckgg,0.0,0.0,0.0
926,imyoursweater,0.0,0.0,0.0
927,What_a_Sh4me,0.0,0.0,0.0
928,lamdungvng,0.0,0.0,0.0
929,kodomotachi,0.0,0.0,0.0
930,nguyentuyen,0.0,0.0,0.0
931,KhaazixGod,0.0,0.0,0.0
932,phanquy,0.0,0.0,0.0
933,datproteinternet,0.0,0.0,0.0
934,TMH,0.0,0.0,0.0
935,phattruongPO344,0.0,0.0,0.0
936,hoangteo0103,0.0,0.0,0.0
937,huyennguyen,0.0,0.0,0.0
938,dauhuyminh,0.0,0.0,0.0
939,K24NTDuc,0.0,0.0,0.0
940,k63_NguyenHuyHoangg,0.0,0.0,0.0
941,NgoAnhHieu,0.0,0.0,0.0
942,k63_DinhDucHung,0.0,0.0,0.0
943,CannotAC,0.0,0.0,0.0
944,ManhTien,0.0,0.0,0.0
945,SickDuck,0.0,0.0,0.0
946,huyngo2002,0.0,0.0,0.0
947,hungt58,0.0,0.0,0.0
948,dinhtiendung,0.0,0.0,0.0
949,_Tunass_,0.0,0.0,0.0
950,codepascalpy1,0.0,0.0,0.0
951,DanGia,0.0,0.0,0.0
952,kamedev,0.0,0.0,0.0
953,yunan30028090,0.0,0.0,0.0
954,khactrung1912,0.0,0.0,0.0
955,NguyenQuangKhai,0.0,0.0,0.0
956,Huynh_Minh_Tri,0.0,0.0,0.0
957,BaoKhong,0.0,0.0,0.0
958,calculuxx,0.0,0.0,0.0
959,nguyenne_i2d,0.0,0.0,0.0
960,nt,0.0,0.0,0.0
961,antruongphuc,0.0,0.0,0.0
962,ccp,0.0,0.0,0.0
963,tnminh,0.0,0.0,0.0
964,dat04567,0.0,0.0,0.0
965,Hcmus,0.0,0.0,0.0
966,Giahung,0.0,0.0,0.0
967,tacl_na,0.0,0.0,0.0
968,sonMH,0.0,0.0,0.0
969,procopcode,0.0,0.0,0.0
970,nhan0510,0.0,0.0,0.0
971,omo_pro,0.0,0.0,0.0
972,vipgun98s2,0.0,0.0,0.0
973,Laputa,0.0,0.0,0.0
974,iamjudas0108,0.0,0.0,0.0
975,xindayhpvn,0.0,0.0,0.0
976,Khuong_K31,0.0,0.0,0.0
977,0979028634,0.0,0.0,0.0
978,nhatlucdao,0.0,0.0,0.0
979,nguyenmautansang,0.0,0.0,0.0
980,Vietcv,0.0,0.0,0.0
981,tran,0.0,0.0,0.0
982,Malosdaf,0.0,0.0,0.0
983,top1buffbann,0.0,0.0,0.0
984,bainaycocodemang,0.0,0.0,0.0
985,minhanh1702,0.0,0.0,0.0
986,truongnh200652,0.0,0.0,0.0
987,dontknowmyname,0.0,0.0,0.0
988,ThuyThuMatTrang,0.0,0.0,0.0
989,caoanhminhhuy,0.0,0.0,0.0
990,DxD,0.0,0.0,0.0
991,tuyendinha,0.0,0.0,0.0
992,duckbutnot100kg,0.0,0.0,0.0
993,nqson,0.0,0.0,0.0
994,phucthuhigh,0.0,0.0,0.0
995,TranVuHaiDang,0.0,0.0,0.0
996,sunooo,0.0,0.0,0.0
997,sktt1,0.0,0.0,0.0
998,Sanderio,0.0,0.0,0.0
999,shiron104,0.0,0.0,0.0
1000,jayruizluu,0.0,0.0,0.0
1001,hhuukhang,0.0,0.0,0.0
1002,zeenaw,0.0,0.0,0.0
1003,whyareulookingatmyname,0.0,0.0,0.0
1004,hieuad33,0.0,0.0,0.0
1005,k63_dohoangthanhhai,0.0,0.0,0.0
1006,hungTranAI,0.0,0.0,0.0
1007,XLong,0.0,0.0,0.0
1008,Quene_Huy,0.0,0.0,0.0
1009,Toniluu_123,0.0,0.0,0.0
1010,_NooberrUwU,0.0,0.0,0.0
1011,2dtkingslayer,0.0,0.0,0.0
1012,kv,0.0,0.0,0.0
1013,callmevananh,0.0,0.0,0.0
1014,duc_giang1105,0.0,0.0,0.0
1015,huycl7,0.0,0.0,0.0
1016,Thieunang4,0.0,0.0,0.0
1017,Thieunang1,0.0,0.0,0.0
1018,hoang3409,0.0,0.0,0.0
1019,Genhakiyama,0.0,0.0,0.0
1020,leanlap2793,0.0,0.0,0.0
1021,yuhnb,0.0,0.0,0.0
1022,kietmap13_09,0.0,0.0,0.0
1023,thangbnvh,0.0,0.0,0.0
1024,MDE,0.0,0.0,0.0
1025,VNA_Shiro,0.0,0.0,0.0
1026,lamlee,0.0,0.0,0.0
1027,HuyObs,0.0,0.0,0.0
1028,trung2003lucky,0.0,0.0,0.0
1029,Onsra02,0.0,0.0,0.0
1030,Ymieu,0.0,0.0,0.0
1031,hokplex,0.0,0.0,0.0
1032,BuiHaiNghiaa,0.0,0.0,0.0
1033,dontneedprize,0.0,0.0,0.0
1034,minhphannq,0.0,0.0,0.0
1035,pdinh,0.0,0.0,0.0
1036,ploc586,0.0,0.0,0.0
1037,HarryLee,0.0,0.0,0.0
1038,solarjade_06,0.0,0.0,0.0
1039,Hungbadao123,0.0,0.0,0.0
1040,pal,0.0,0.0,0.0
1041,hohuylqd,0.0,0.0,0.0
1042,aduyphm,0.0,0.0,0.0
1043,nnvan,0.0,0.0,0.0
1044,ImBored,0.0,0.0,0.0
1045,quan2k8,0.0,0.0,0.0
1046,nghiabom9999,0.0,0.0,0.0
1047,JustA,0.0,0.0,0.0
1048,khoi891r,0.0,0.0,0.0
1049,hoadoan1710,0.0,0.0,0.0
1050,dylantamau,0.0,0.0,0.0
1051,thanhhieu2k7,0.0,0.0,0.0
1052,HFFTeam,0.0,0.0,0.0
1053,TDV,0.0,0.0,0.0
1054,zerodog,0.0,0.0,0.0
1055,TDuyDat,0.0,0.0,0.0
1056,Vinh_17_51,0.0,0.0,0.0
1057,HuyNhay,0.0,0.0,0.0
1058,bichsonnhat,0.0,0.0,0.0
1059,htthtt12t1,0.0,0.0,0.0
1060,tuda123,0.0,0.0,0.0
1061,vo_nhiem,0.0,0.0,0.0
1062,toilavu,0.0,0.0,0.0
1063,Dino2_4G,0.0,0.0,0.0
1064,toib,0.0,0.0,0.0
1065,mfnintd,0.0,0.0,0.0
1066,ti20_dtlong,0.0,0.0,0.0
1067,vqt,0.0,0.0,0.0
1068,hoangxuanbach,0.0,0.0,0.0
1069,lamlaicuocdoi,0.0,0.0,0.0
1070,vcnam,0.0,0.0,0.0
1071,quyet,0.0,0.0,0.0
1072,TÀI_auto_ưin,0.0,0.0,0.0
1073,the_best_memory,0.0,0.0,0.0
1074,NDTD,0.0,0.0,0.0
1075,quoctrungbp48,0.0,0.0,0.0
1076,Nguyen_Cao_Cuong,0.0,0.0,0.0
1077,thaitanhaha,0.0,0.0,0.0
1078,B20DCPT053,0.0,0.0,0.0
1079,vqhung123,0.0,0.0,0.0
1080,nat,0.0,0.0,0.0
1081,tan311,0.0,0.0,0.0
1082,khanhtuanitk20,0.0,0.0,0.0
1083,yakuza2006,0.0,0.0,0.0
1084,trantungduong,0.0,0.0,0.0
1085,__,0.0,0.0,0.0
1086,sicalotut,0.0,0.0,0.0
1087,thaithongthai26019,0.0,0.0,0.0
1088,phuctrumit,0.0,0.0,0.0
1089,iwantagf,0.0,0.0,0.0
1090,khangzzz,0.0,0.0,0.0
1091,CBNk29_LuuHieu,0.0,0.0,0.0
1092,nguyenhongnguyen,0.0,0.0,0.0
1093,vietanh0308,0.0,0.0,0.0
1094,giahuyyy,0.0,0.0,0.0
1095,hoahoc,0.0,0.0,0.0
1096,anhkhoavu2007,0.0,0.0,0.0
1097,donghuyhoang,0.0,0.0,0.0
1098,taikon,0.0,0.0,0.0
1099,giraffecoder,0.0,0.0,0.0
1100,Mai_08,0.0,0.0,0.0
1101,6n4hk,0.0,0.0,0.0
1102,DgithNo1_aka_ybits,0.0,0.0,0.0
1103,opcleaver0,0.0,0.0,0.0
1104,peody2607,0.0,0.0,0.0
1105,PeNus1802,0.0,0.0,0.0
1106,dhiep9798,0.0,0.0,0.0
1107,nxthanhit2021,0.0,0.0,0.0
1108,atuncpp,0.0,0.0,0.0
1109,nguyentuanhhh,0.0,0.0,0.0
1110,trieuyanglake_1,0.0,0.0,0.0
1111,lehoangtrong195,0.0,0.0,0.0
1112,DangAnhxd,0.0,0.0,0.0
1113,NoContestHere,0.0,0.0,0.0
1114,sleep,0.0,0.0,0.0
1115,krg02,0.0,0.0,0.0
1116,Peter1023,0.0,0.0,0.0
1117,nnphu1209,0.0,0.0,0.0
1118,thefless,0.0,0.0,0.0
1119,noregiann,0.0,0.0,0.0
1120,ti20_ntson,0.0,0.0,0.0
1121,thangktvn2004,0.0,0.0,0.0
1122,duy21,0.0,0.0,0.0
1123,hung3a8,0.0,0.0,0.0
1124,Dũng1712,0.0,0.0,0.0
1125,huuhoangabcd,0.0,0.0,0.0
1126,HaYoungJoon,0.0,0.0,0.0
1127,vttk1901,0.0,0.0,0.0
1128,huytung,0.0,0.0,0.0
1129,tranconganhkhoa159,0.0,0.0,0.0
1130,hoanggia042006,0.0,0.0,0.0
1131,phongntn,0.0,0.0,0.0
1132,sodangerous123,0.0,0.0,0.0
1133,bbq,0.0,0.0,0.0
1134,kkk10t1,0.0,0.0,0.0
1135,bdgbao,0.0,0.0,0.0
1136,schizocatto,0.0,0.0,0.0
1137,dobietai,0.0,0.0,0.0
1138,hieupham1103,0.0,0.0,0.0
1139,21T1020427,0.0,0.0,0.0
1140,_Apok_,0.0,0.0,0.0
1141,tourist_slayer,0.0,0.0,0.0
1142,Funny,0.0,0.0,0.0
1143,AnhTranCPP,0.0,0.0,0.0
1144,3000problemsin9months,0.0,0.0,0.0
1145,Guts,0.0,0.0,0.0
1146,gduchuy81,0.0,0.0,0.0
1147,21521984,0.0,0.0,0.0
1148,shouboutai123,0.0,0.0,0.0
1149,ThanhTuyen,0.0,0.0,0.0
1150,TobiOnTop,0.0,0.0,0.0
1151,VQUANG707,0.0,0.0,0.0
1152,new_is_always_better,0.0,0.0,0.0
1153,thu_an,0.0,0.0,0.0
1154,manh07,0.0,0.0,0.0
1155,nooneknowme,0.0,0.0,0.0
1156,Pikadak,0.0,0.0,0.0
1157,hlk28khuong,-9999.0,50.0,50.0
1158,ngphongCp,0.0,-9999.0,0.0
